{
  "project_info": {
    "project_number": "1064101013649",
    "firebase_url": "https://realtimetracking1.firebaseio.com",
    "project_id": "realtimetracking1",
    "storage_bucket": "realtimetracking1.appspot.com"
  },
  "client": [
    {
      "client_info": {
        "mobilesdk_app_id": "1:1064101013649:android:3230f9b3520cb160",
        "android_client_info": {
          "package_name": "com.example.trackone"
        }
      },
      "oauth_client": [
        {
          "client_id": "1064101013649-cl7u5a8fteo1qv26u9i5sntp6uq4vtl5.apps.googleusercontent.com",
          "client_type": 1,
          "android_info": {
            "package_name": "com.example.trackone",
            "certificate_hash": "970eda22f7cfa9836c795964f443e2b5e2fa5501"
          }
        },
        {
          "client_id": "1064101013649-20agur815n6bppsblpg7s804v4makka8.apps.googleusercontent.com",
          "client_type": 1,
          "android_info": {
            "package_name": "com.example.trackone",
            "certificate_hash": "8d4851b6d1738be29d101cd67070d142ffab1051"
          }
        },
        {
          "client_id": "1064101013649-h54cd52fevp53np1l84bbsc0hi9m6dv2.apps.googleusercontent.com",
          "client_type": 3
        }
      ],
      "api_key": [
        {
          "current_key": "AIzaSyCxGskGmM8dA0JU-BwBjyPZZauJTiLV1MQ"
        }
      ],
      "services": {
        "appinvite_service": {
          "other_platform_oauth_client": [
            {
              "client_id": "1064101013649-h54cd52fevp53np1l84bbsc0hi9m6dv2.apps.googleusercontent.com",
              "client_type": 3
            }
          ]
        }
      }
    }
  ],
  "configuration_version": "1"
}